Cód.Original;Baia;Corredor;Nível;Cód.Barras
46014AG; 01;L;1;789854426348 6
46801ML; 02;L;1;789000234255 9
46849FL; 03;L;1;789004140489 8
46839FL; 04;L;1;789004138786 3
46907AG; 05;L;1;789000237531 1
46001AG; 06;L;1;789000238546 4
46801 AG; 07;L;1;789000237074 3
46803AG; 08;L;1;789000238422 1
6PK0870; 09;L;1;789002720667 6
22414B;10;L;1;230020280067 4
7001992C91E;100;L;1;789582525556 7
7007120R1E;101;L;1;789006138935 9
R7003757C1E;102;L;1;789006138592 4
7001658C1E;103;L;1;789582525397 6
7002379C2;104;L;1;789582525631 1
31171941E;105;L;1;789582501981 7
961208530124E;106;L;1;789582522059 6
961208530134E;107;L;1;789582536791 8
7002396C1E;108;L;1;789582525794 3
7002192C1E;109;L;1;789582525890 2
10321SC;11;L;1;130200300575 4
961004330104E;110;L;1;789582525921 3
70920177E;111;L;1;789582508089 3
961208530114E;112;L;1;789582526075 2
7001594C1E;113;L;1;789582536741 3
7002252C1E;114;L;1;789582525553 6
961203550255E;115;L;1;789582524694 7
7001601C1E;116;L;1;789582525408 9
7002085C1E;117;L;1;789582525398 3
961280130156;118;L;1;789582530741 9
70640205;119;L;1;789582519703 4
46827B;12;L;1;730020280445 5
941280130066;120;L;1;789000239185 4
961284300437;121;L;1;789582535209 9
961283400154;122;L;1;789582525620 5
961284300187;123;L;1;789582531103 4
961254300187;123;L;1;789000640721 6
7001468C1E;124;L;1;789582536818 2
961207310034E;126;L;1;789582536655 3
961207570024E;127;L;1;789582536593 8
7003753C1E;128;L;1;789582530508 8
904931370121E;129;L;1;789003039399 8
22419B;13;L;1;230020280071 1
961206530034E;130;L;1;789582524392 2
7002801C1E;131;L;1;789582545134 1
7002797C1E;132;L;1;789582536653 9
961209730024E;133;L;1;789582524675 6
1840363C1E;134;L;1;789000437539 5
7000201C1E;135;L;1;789582525392 1
7004163C1E;136;L;1;789001135871 8
961209400084E;137;L;1;789582526047 9
961280190388;138;L;1;789582525144 6
961004330094E;139;L;1;789582525969 5
46725PP;14;L;1;789000236949 5
961206530044E;140;L;1;789582524393 9
7007085C1E;141;L;1;789010040136 3
7004709C1E;142;L;1;789000040949 0
961203320023E;143;L;1;789003438721 4
961208530104E;143A;L;1;789582536891 5
961251320144E;144;L;1;789003540786 7
940757310095E;145;L;1;789001040847 6
940787310095E;145;L;1;789582536805 2
940787310036;146;L;1;789582516374 9
960753800014E;147;L;1;789000040980 3
7004892C1E;147;L;1;789582536933 2
961203290026E;148;L;1;789000041029 8
7002253C2E;149;L;1;789582525965 7
46511MLS;15;L;1;789854426350 9
961001150015;150;L;1;789005037866 1
46905AG;16;L;1;789854428596 9
46506CV;17;L;1;789000235146 9
46813AG;18;L;1;789000236854 2
22437B;19;L;1;400020060056 3
46524FL;20;L;1;789004138785 6
13949;21;L;1;789000234675 5
46006AG;22;L;1;789854426144 4
46903;23;L;1;730020280427 1
46906CS;24;L;1;730020280418 9
46512CV;24A;L;1;789000235147 6
46838FL;24A;L;1;789004139072 6
46926ALB;24B;L;1;789854426967 9
11133FL;24C;L;1;789004138700 9
46008AG;24D;L;1;789854426153 6
23314B;25;L;1;230020280104 6
46908AG;27;L;1;789854426197 0
46815AG;28;L;1;789854426377 6
46816NA;29;L;1;789000238998 1
46814AG;30;L;1;789000235155 1
7125;31;L;1;390110300061 4
538;32;L;1;789001737451 4
961203500084E;33;L;1;789582524661 9
961203530014E;34;L;1;789582522024 4
961203500094E;35;L;1;789582524649 7
7003735C1E;36;L;1;789582525564 2
902101711001E;37;L;1;789582510525 1
922903510054;38;L;1;789582513253 0
7002089C1E;39;L;1;789582530810 2
1M1081N;40;L;1;430040290017 2
7002205C1E;41;L;1;789582525924 4
7000805C1E;42;L;1;789582525964 0
604931000632E;43;L;1;789582509897 3
941209010235E;44;L;1;789582524686 2
7000443C91E;45;L;1;789582525480 5
961208610154E;46;L;1;789582524488 2
7003026C1E;47;L;1;789582525687 8
961208610124E;48;L;1;789582525534 5
7003226C1E;49;L;1;789582530702 0
7000438C91E;50;L;1;789582525487 4
7002233C1E;51;L;1;789582525887 2
7001817C3E;52;L;1;789582530745 7
1841095C1E;53;L;1;789582519458 3
MM100254;55;L;1;789582532935 0
MM102303;55;L;1;789000040940 7
MM101718;56;L;1;789002840531 3
MM100252;57;L;1;789582532933 6
1842115C1E;58;L;1;789582536815 1
961206530024E;59;L;1;789582518679 3
7005217C1E;60;L;1;789003839122 4
7001661C1E;61;L;1;789582525410 2
941209060695E;62;L;1;789582524645 9
941209060725E;63;L;1;789582525940 4
7002390C1E;64;L;1;789582536633 1
7001809C91E;65;L;1;789582525910 7
7002235C1E;66;L;1;789000535876 2
7004185C91E;67;L;1;789582530746 4
7005219C1E;68;L;1;789000439398 6
904931072092E;69;L;1;789582510866 5
7006661C1E;70;L;1;789000240807 1
941209060675E;71;L;1;789582524666 4
HS100;72;L;1;789582508542 3
7002258C1E;73;L;1;789582537158 8
7002291C1E;74;L;1;789582525916 9
7002234C1E;75;L;1;789582525959 6
7002434C1E;76;L;1;789001239826 3
7002254C91E;77;L;1;789582525546 8
7001097C2E;78;L;1;789582525859 9
941209060665E;79;L;1;789582524662 6
961209060905E;80;L;1;789582524505 6
961204300074;81;L;1;789582518628 1
7004406C91E;82;L;1;789001139313 9
7005589C1E;83;L;1;789582537066 6
961203450043E;84;L;1;789582537060 4
7000767C1E;85;L;1;789582525520 8
7001328C1E;86;L;1;789000440692 1
961209120054E;87;L;1;789582525914 5
7004981R91;88;L;1;789582530663 4
1833029C4E;89;L;1;789000437096 3
7001904C1E;89A;L;1;789582525420 1
7004144C1E;90;L;1;789582525611 3
961204710024E;91;L;1;789582525920 6
961208530144E;92;L;1;789582545150 1
70100721E;93;L;1;789582503205 2
904015480012E;94;L;1;789582510766 8
MASTER0054;95;L;1;789582519296 1
MM101517;96;L;1;789002840421 7
7008247R1E;97;L;1;789002840517 7
7002086C1E;98;L;1;789582525484 3
7001114C1E;99;L;1;789582525809 4
